{
	"format_version": "1.8.0",
	"animations": {
		"animation.walk": {
			"loop": true,
			"animation_length": 4,
			"bones": {
				"main": {
					"rotation": {
						"0.0": {
							"vector": [0, 7.5, 0]
						},
						"2.0": {
							"vector": [0, 7.5, 0]
						}
					}
				},
				"legs": {
					"rotation": {
						"0.0": {
							"vector": [0, 15, 0]
						},
						"1.0": {
							"vector": [0, -10, 0]
						},
						"2.0": {
							"vector": [0, 15, 0]
						},
						"3.0": {
							"vector": [0, -30, 0]
						},
						"4.0": {
							"vector": [0, 15, 0]
						}
					}
				},
				"right_leg": {
					"rotation": {
						"0.0": {
							"vector": [0, 15, 0]
						},
						"0.5": {
							"vector": [-31.17402, -8.53858, -0.03761]
						},
						"1.5": {
							"vector": [-0.39134, 7.15381, -0.01254]
						},
						"2.0": {
							"vector": [0, 15, 0]
						},
						"2.5": {
							"vector": [0, 15, 0]
						},
						"3.0": {
							"vector": [-12.5, 32.5, 0]
						},
						"4.0": {
							"vector": [0, 15, 0]
						}
					}
				},
				"left_leg": {
					"rotation": {
						"0.0": {
							"vector": [0, -22.5, 0]
						},
						"1.0": {
							"vector": [12.03444, -21.97545, -5.37228]
						},
						"1.5": {
							"vector": [-24.34905, -9.8019, -1.36679]
						},
						"2.0": {
							"vector": [-12.5, -20, 0]
						},
						"2.5": {
							"vector": [-14.28919, -9.30537, 0.52326]
						},
						"3.0": {
							"vector": [-6.59757, 0.39086, -1.9332]
						},
						"4.0": {
							"vector": [0, -22.5, 0]
						}
					}
				},
				"right_arm": {
					"rotation": {
						"0.0": {
							"vector": [20.14383, 31.36549, -75.91853]
						},
						"2.0": {
							"vector": [20.14383, 31.36549, -75.91853]
						}
					}
				},
				"right_arm2": {
					"rotation": {
						"0.0": {
							"vector": [23.97769, -8.0508, -82.41686]
						},
						"2.0": {
							"vector": [23.97769, -8.0508, -82.41686]
						}
					}
				},
				"left_arm": {
					"rotation": {
						"0.0": {
							"vector": [89.09044, 19.98015, 87.33978]
						},
						"2.0": {
							"vector": [89.09044, 19.98015, 87.33978]
						}
					}
				},
				"left_arm2": {
					"rotation": {
						"0.0": {
							"vector": [15, 0, 0]
						},
						"2.0": {
							"vector": [15, 0, 0]
						}
					}
				},
				"left_sword": {
					"rotation": {
						"0.0": {
							"vector": [0, 0, -22.5]
						},
						"2.0": {
							"vector": [0, 0, -22.5]
						}
					}
				},
				"head": {
					"rotation": {
						"0.0": {
							"vector": [17.5, 0, 0]
						},
						"2.0": {
							"vector": [17.5, 0, 0]
						}
					}
				},
				"fllag1": {
					"rotation": {
						"0.0": {
							"vector": [0, 0, 0]
						},
						"1.0": {
							"vector": [-2.46207, 0.43399, 9.99067]
						},
						"2.0": {
							"vector": [-2.4905, 0.21782, 4.99527]
						},
						"3.0": {
							"vector": [-2.5, 0, 0]
						},
						"4.0": {
							"vector": [0, 0, 0]
						}
					}
				},
				"flag2": {
					"rotation": {
						"0.0": {
							"vector": [0, 0, 0]
						},
						"1.0": {
							"vector": [-2.47864, -0.32621, -7.49294]
						},
						"2.0": {
							"vector": [-2.47864, -0.32621, -7.49294]
						},
						"3.0": {
							"vector": [-2.4905, -0.21782, -4.99527]
						},
						"4.0": {
							"vector": [0, 0, 0]
						}
					}
				},
				"flagflag": {
					"rotation": {
						"0.0": {
							"vector": [2.5, 0, 0]
						},
						"1.0": {
							"vector": [10, 0, 0]
						},
						"2.0": {
							"vector": [10, 0, 0]
						},
						"3.0": {
							"vector": [0, 0, 0]
						},
						"4.0": {
							"vector": [2.5, 0, 0]
						}
					}
				},
				"flagflag2": {
					"rotation": {
						"0.0": {
							"vector": [0, 0, 0]
						},
						"1.0": {
							"vector": [10, 0, 0]
						},
						"2.0": {
							"vector": [10, 0, 0]
						},
						"3.0": {
							"vector": [10, 0, 0]
						},
						"4.0": {
							"vector": [0, 0, 0]
						}
					}
				},
				"right_leg2": {
					"rotation": {
						"0.0": {
							"vector": [0, 0, 0]
						},
						"0.5": {
							"vector": [35, 0, 0]
						},
						"1.5": {
							"vector": [9.17, 0, 0]
						},
						"2.0": {
							"vector": [0, 0, 0]
						},
						"2.5": {
							"vector": [0, 0, 0]
						},
						"3.0": {
							"vector": [7.5, 0, 0]
						},
						"4.0": {
							"vector": [0, 0, 0]
						}
					}
				},
				"left_leg2": {
					"rotation": {
						"0.0": {
							"vector": [0, 0, 0]
						},
						"1.0": {
							"vector": [-0.33, 0, 0]
						},
						"1.5": {
							"vector": [44.5, 0, 0]
						},
						"2.0": {
							"vector": [6, 0, 0]
						},
						"2.5": {
							"vector": [17.5, 0, 0]
						},
						"4.0": {
							"vector": [0, 0, 0]
						}
					}
				}
			}
		},
		"animation.idle": {
			"loop": true,
			"animation_length": 2,
			"bones": {
				"main": {
					"rotation": {
						"0.0": {
							"vector": [0, 7.5, 0]
						},
						"2.0": {
							"vector": [0, 7.5, 0]
						}
					}
				},
				"legs": {
					"rotation": {
						"0.0": {
							"vector": [0, 15, 0]
						},
						"2.0": {
							"vector": [0, 15, 0]
						}
					}
				},
				"right_leg": {
					"rotation": {
						"0.0": {
							"vector": [0, 15, 0]
						},
						"2.0": {
							"vector": [0, 15, 0]
						}
					}
				},
				"left_leg": {
					"rotation": {
						"0.0": {
							"vector": [0, -22.5, 0]
						},
						"2.0": {
							"vector": [0, -22.5, 0]
						}
					}
				},
				"right_arm": {
					"rotation": {
						"0.0": {
							"vector": [20.14383, 31.36549, -75.91853]
						},
						"2.0": {
							"vector": [20.14383, 31.36549, -75.91853]
						}
					}
				},
				"right_arm2": {
					"rotation": {
						"0.0": {
							"vector": [23.97769, -8.0508, -82.41686]
						},
						"2.0": {
							"vector": [23.97769, -8.0508, -82.41686]
						}
					}
				},
				"left_arm": {
					"rotation": {
						"0.0": {
							"vector": [89.09044, 19.98015, 87.33978]
						},
						"2.0": {
							"vector": [89.09044, 19.98015, 87.33978]
						}
					}
				},
				"left_arm2": {
					"rotation": {
						"0.0": {
							"vector": [15, 0, 0]
						},
						"2.0": {
							"vector": [15, 0, 0]
						}
					}
				},
				"left_sword": {
					"rotation": {
						"0.0": {
							"vector": [0, 0, -22.5]
						},
						"2.0": {
							"vector": [0, 0, -22.5]
						}
					}
				},
				"head": {
					"rotation": {
						"0.0": {
							"vector": [17.5, 0, 0]
						},
						"2.0": {
							"vector": [17.5, 0, 0]
						}
					}
				},
				"fllag1": {
					"rotation": {
						"0.0": {
							"vector": [0, 0, 0]
						},
						"1.0": {
							"vector": [-2.5, 0, 0]
						},
						"2.0": {
							"vector": [0, 0, 0]
						}
					}
				},
				"flag2": {
					"rotation": {
						"0.0": {
							"vector": [0, 0, 0]
						},
						"1.0": {
							"vector": [-2.5, 0, 0]
						},
						"2.0": {
							"vector": [0, 0, 0]
						}
					}
				},
				"flagflag": {
					"rotation": {
						"0.0": {
							"vector": [2.5, 0, 0]
						},
						"1.0": {
							"vector": [0, 0, 0]
						},
						"2.0": {
							"vector": [2.5, 0, 0]
						}
					}
				},
				"flagflag2": {
					"rotation": {
						"0.0": {
							"vector": [0, 0, 0]
						},
						"1.0": {
							"vector": [-2.5, 0, 0]
						},
						"2.0": {
							"vector": [0, 0, 0]
						}
					}
				}
			}
		},
		"animation.attackone": {
			"animation_length": 2,
			"bones": {
				"main": {
					"rotation": {
						"0.0": {
							"vector": [0, 7.5, 0]
						},
						"2.0": {
							"vector": [0, 7.5, 0]
						}
					}
				},
				"legs": {
					"rotation": {
						"0.0": {
							"vector": [0, 15, 0]
						},
						"2.0": {
							"vector": [0, 15, 0]
						}
					}
				},
				"right_leg": {
					"rotation": {
						"0.0": {
							"vector": [0, 15, 0]
						},
						"2.0": {
							"vector": [0, 15, 0]
						}
					}
				},
				"left_leg": {
					"rotation": {
						"0.0": {
							"vector": [0, -22.5, 0]
						},
						"2.0": {
							"vector": [0, -22.5, 0]
						}
					}
				},