{
	"format_version": "1.8.0",
	"animations": {
		"animation.ember.walk": {
			"animation_length": 2.5,
			"bones": {
				"body": {
					"rotation": {
						"0.0": {
							"vector": [12.5, 32.5, 0]
						},
						"0.5": {
							"vector": [10.90157, 1.20917, 3.61032]
						},
						"0.75": {
							"vector": [10.62879, -16.44372, 2.77491]
						},
						"1.25": {
							"vector": [11.1633, 2.44571, 2.94982]
						},
						"1.75": {
							"vector": [11.33466, -2.68564, -1.72939]
						},
						"2.5": {
							"vector": [12.5, 32.5, 0]
						}
					},
					"position": {
						"0.0": {
							"vector": [1, -1, 1]
						},
						"2.5": {
							"vector": [1, -1, 1]
						}
					}
				},
				"head": {
					"rotation": {
						"0.0": {
							"vector": [25, -27.5, 0]
						},
						"2.5": {
							"vector": [25, -27.5, 0]
						}
					}
				},
				"left_arm": {
					"rotation": {
						"0.0": {
							"vector": [0, -15, -10]
						},
						"2.5": {
							"vector": [0, -15, -10]
						}
					}
				},
				"bone19": {
					"rotation": {
						"0.0": {
							"vector": [-20, 0, 0]
						},
						"2.5": {
							"vector": [-20, 0, 0]
						}
					}
				},
				"right_arm": {
					"rotation": {
						"0.0": {
							"vector": [6.23235, 7.52076, 18.58597]
						},
						"2.5": {
							"vector": [6.23235, 7.52076, 18.58597]
						}
					}
				},
				"bone": {
					"rotation": {
						"0.0": {
							"vector": [-27.5, 0, 0]
						},
						"2.5": {
							"vector": [-27.5, 0, 0]
						}
					}
				},
				"left_leg": {
					"rotation": {
						"0.0": {
							"vector": [-39.57875, -42.09871, 2.50775]
						},
						"0.5": {
							"vector": [-7.50094, -5.38655, -12.08922]
						},
						"0.75": {
							"vector": [-3.21032, 13.10873, -5.59973]
						},
						"1.25": {
							"vector": [-40.32642, 15.38779, -10.50358]
						},
						"1.75": {
							"vector": [-3.21032, 13.10873, -5.59973]
						},
						"2.25": {
							"vector": [-40.32642, 15.38779, -10.50358]
						},
						"2.5": {
							"vector": [-39.57875, -42.09871, 2.50775]
						}
					}
				},
				"bone21": {
					"rotation": {
						"0.0": {
							"vector": [25, 0, 0]
						},
						"0.5": {
							"vector": [7.5, 0, 0]
						},
						"1.0": {
							"vector": [7.5, 0, 0]
						},
						"1.125": {
							"vector": [20, 0, 0]
						},
						"1.75": {
							"vector": [7.5, 0, 0]
						},
						"2.5": {
							"vector": [25, 0, 0]
						}
					}
				},
				"right_leg": {
					"rotation": {
						"0.0": {
							"vector": [-25.65392, 36.5115, 15.18682]
						},
						"0.5": {
							"vector": [-19.81283, -5.15787, 11.69576]
						},
						"0.75": {
							"vector": [-42.02979, 17.73765, -7.94486]
						},
						"1.0": {
							"vector": [-19.52979, 17.73765, -7.94486]
						},
						"1.25": {
							"vector": [2.97021, 17.73765, -7.94486]
						},
						"1.75": {
							"vector": [-42.02979, 17.73765, -7.94486]
						},
						"2.25": {
							"vector": [2.97021, 17.73765, -7.94486]
						},
						"2.5": {
							"vector": [-25.65392, 36.5115, 15.18682]
						}
					}
				},
				"bone20": {
					"rotation": {
						"0.0": {
							"vector": [29.62165, 4.98093, -8.6822]
						},
						"0.75": {
							"vector": [29.9055, -2.49762, 4.33287]
						},
						"1.0": {
							"vector": [2.4055, -2.49762, 4.33287]
						},
						"1.75": {
							"vector": [29.9055, -2.49762, 4.33287]
						},
						"2.5": {
							"vector": [29.62165, 4.98093, -8.6822]
						}
					}
				}
			}
		}
	}
}