{
	"format_version": "1.8.0",
	"animations": {
		"idle": {
			"loop": true,
			"animation_length": 2,
			"bones": {
				"head": {
					"rotation": {
						"0.0": {
							"vector": [25, -27.5, 0]
						},
						"2.0": {
							"vector": [25, -27.5, 0]
						}
					}
				},
				"body": {
					"rotation": {
						"0.0": {
							"vector": [12.5, 32.5, 0]
						},
						"2.0": {
							"vector": [12.5, 32.5, 0]
						}
					},
					"position": {
						"0.0": {
							"vector": [1, -1, 1]
						},
						"1.0": {
							"vector": [1, -2, 1]
						},
						"2.0": {
							"vector": [1, -1, 1]
						}
					}
				},
				"left_arm": {
					"rotation": {
						"0.0": {
							"vector": [0, -15, -10]
						},
						"1.0": {
							"vector": [-5, -10, -10]
						},
						"2.0": {
							"vector": [0, -15, -10]
						}
					}
				},
				"bone19": {
					"rotation": {
						"0.0": {
							"vector": [-20, 0, 0]
						},
						"1.0": {
							"vector": [-17.5, 0, 0]
						},
						"2.0": {
							"vector": [-20, 0, 0]
						}
					}
				},
				"right_arm": {
					"rotation": {
						"0.0": {
							"vector": [6.23235, 7.52076, 18.58597]
						},
						"1.0": {
							"vector": [5.5526, 8.0344, 13.5662]
						},
						"2.0": {
							"vector": [6.23235, 7.52076, 18.58597]
						}
					}
				},
				"bone": {
					"rotation": {
						"0.0": {
							"vector": [-27.5, 0, 0]
						},
						"1.0": {
							"vector": [-22.5, 0, 0]
						},
						"2.0": {
							"vector": [-27.5, 0, 0]
						}
					}
				},
				"left_leg": {
					"rotation": {
						"0.0": {
							"vector": [-39.57875, -42.09871, 2.50775]
						},
						"1.0": {
							"vector": [-47.07875, -42.09871, 2.50775]
						},
						"2.0": {
							"vector": [-39.57875, -42.09871, 2.50775]
						}
					}
				},
				"bone21": {
					"rotation": {
						"0.0": {
							"vector": [25, 0, 0]
						},
						"1.0": {
							"vector": [55, 0, 0]
						},
						"2.0": {
							"vector": [25, 0, 0]
						}
					}
				},
				"right_leg": {
					"rotation": {
						"0.0": {
							"vector": [-25.65392, 36.5115, 15.18682]
						},
						"1.0": {
							"vector": [-35.65392, 36.5115, 15.18682]
						},
						"2.0": {
							"vector": [-25.65392, 36.5115, 15.18682]
						}
					}
				},
				"bone20": {
					"rotation": {
						"0.0": {
							"vector": [29.62165, 4.98093, -8.6822]
						},
						"1.0": {
							"vector": [49.62165, 4.98093, -8.6822]
						},
						"2.0": {
							"vector": [29.62165, 4.98093, -8.6822]
						}
					}
				}
			}
		},
		"animation.idle": {
			"loop": true,
			"animation_length": 2,
			"bones": {
				"head": {
					"rotation": {
						"0.0": {
							"vector": [25, -27.5, 0]
						},
						"2.0": {
							"vector": [25, -27.5, 0]
						}
					}
				},
				"body": {
					"rotation": {
						"0.0": {
							"vector": [12.5, 32.5, 0]
						},
						"2.0": {
							"vector": [12.5, 32.5, 0]
						}
					},
					"position": {
						"0.0": {
							"vector": [1, -1, 1]
						},
						"1.0": {
							"vector": [1, -2, 1]
						},
						"2.0": {
							"vector": [1, -1, 1]
						}
					}
				},
				"left_arm": {
					"rotation": {
						"0.0": {
							"vector": [0, -15, -10]
						},
						"1.0": {
							"vector": [-5, -10, -10]
						},
						"2.0": {
							"vector": [0, -15, -10]
						}
					}
				},
				"bone19": {
					"rotation": {
						"0.0": {
							"vector": [-20, 0, 0]
						},
						"1.0": {
							"vector": [-17.5, 0, 0]
						},
						"2.0": {
							"vector": [-20, 0, 0]
						}
					}
				},
				"right_arm": {
					"rotation": {
						"0.0": {
							"vector": [6.23235, 7.52076, 18.58597]
						},
						"1.0": {
							"vector": [5.5526, 8.0344, 13.5662]
						},
						"2.0": {
							"vector": [6.23235, 7.52076, 18.58597]
						}
					}
				},
				"bone": {
					"rotation": {
						"0.0": {
							"vector": [-27.5, 0, 0]
						},
						"1.0": {
							"vector": [-22.5, 0, 0]
						},
						"2.0": {
							"vector": [-27.5, 0, 0]
						}
					}
				},
				"left_leg": {
					"rotation": {
						"0.0": {
							"vector": [-39.57875, -42.09871, 2.50775]
						},
						"1.0": {
							"vector": [-47.07875, -42.09871, 2.50775]
						},
						"2.0": {
							"vector": [-39.57875, -42.09871, 2.50775]
						}
					}
				},
				"bone21": {
					"rotation": {
						"0.0": {
							"vector": [25, 0, 0]
						},
						"1.0": {
							"vector": [55, 0, 0]
						},
						"2.0": {
							"vector": [25, 0, 0]
						}
					}
				},
				"right_leg": {
					"rotation": {
						"0.0": {
							"vector": [-25.65392, 36.5115, 15.18682]
						},
						"1.0": {
							"vector": [-35.65392, 36.5115, 15.18682]
						},
						"2.0": {
							"vector": [-25.65392, 36.5115, 15.18682]
						}
					}
				},
				"bone20": {
					"rotation": {
						"0.0": {
							"vector": [29.62165, 4.98093, -8.6822]
						},
						"1.0": {
							"vector": [49.62165, 4.98093, -8.6822]
						},
						"2.0": {
							"vector": [29.62165, 4.98093, -8.6822]
						}
					}
				}
			}
		}
	},
	"geckolib_format_version": 2
}